{
  "phase": {
    "10": {
      "noise_degree": 0.3199999999999999,
      "achieved_snr": 10.007954032332808,
      "snr_diff": 0.007954032332808225
    },
    "15": {
      "noise_degree": 0.17999999999999994,
      "achieved_snr": 14.93001980251736,
      "snr_diff": 0.06998019748263928
    },
    "20": {
      "noise_degree": 0.09999999999999998,
      "achieved_snr": 20.01092310304995,
      "snr_diff": 0.01092310304995081
    },
    "25": {
      "noise_degree": 0.056,
      "achieved_snr": 25.039910775643808,
      "snr_diff": 0.03991077564380774
    }
  },
  "burst": {
    "10": {
      "noise_degree": 0.28999999999999987,
      "achieved_snr": 9.896069350066009,
      "snr_diff": 0.10393064993399115
    },
    "15": {
      "noise_degree": 0.15999999999999995,
      "achieved_snr": 15.039214381465206,
      "snr_diff": 0.039214381465205506
    },
    "20": {
      "noise_degree": 0.08999999999999998,
      "achieved_snr": 20.168249907316984,
      "snr_diff": 0.16824990731698364
    },
    "25": {
      "noise_degree": 0.054,
      "achieved_snr": 25.116713064688224,
      "snr_diff": 0.11671306468822351
    }
  }
}