{
  "phase": {
    "10": {
      "noise_degree": 0.3199999999999999,
      "achieved_snr": 10.007955975002712,
      "snr_diff": 0.007955975002712279
    },
    "15": {
      "noise_degree": 0.17999999999999994,
      "achieved_snr": 14.929327576248735,
      "snr_diff": 0.07067242375126526
    },
    "20": {
      "noise_degree": 0.09999999999999998,
      "achieved_snr": 20.01167459841128,
      "snr_diff": 0.011674598411278936
    },
    "25": {
      "noise_degree": 0.056,
      "achieved_snr": 25.03987983421043,
      "snr_diff": 0.0398798342104314
    }
  },
  "burst": {
    "10": {
      "noise_degree": 0.28999999999999987,
      "achieved_snr": 9.820689695852774,
      "snr_diff": 0.1793103041472257
    },
    "15": {
      "noise_degree": 0.15999999999999995,
      "achieved_snr": 14.994240972730848,
      "snr_diff": 0.005759027269151673
    },
    "20": {
      "noise_degree": 0.08999999999999998,
      "achieved_snr": 20.23650183501067,
      "snr_diff": 0.2365018350106709
    },
    "25": {
      "noise_degree": 0.054,
      "achieved_snr": 25.115785386827255,
      "snr_diff": 0.11578538682725537
    }
  }
}